accuracy,precision,recall,f1_score,roc_auc,training_time,prediction_time
0.57,0.547945205479452,0.8,0.6504065040650406,0.6048,1.4734079837799072,0.07402586936950684
