accuracy,precision,recall,f1_score,roc_auc,training_time,prediction_time
0.6,0.5609756097560976,0.92,0.696969696969697,0.7568,4.466288089752197,0.0859980583190918
