accuracy,precision,recall,f1_score,roc_auc,training_time,prediction_time
0.51,0.5050505050505051,1.0,0.6711409395973155,0.7756,0.49365758895874023,0.20600247383117676
