accuracy,precision,recall,f1_score,roc_auc,training_time,prediction_time
0.62,0.5714285714285714,0.96,0.7164179104477612,0.7204,0.11600112915039062,0.04600024223327637
