accuracy,precision,recall,f1_score,roc_auc,training_time,prediction_time
0.62,0.5769230769230769,0.9,0.703125,0.7787999999999999,4.621259689331055,0.0969991683959961
