accuracy,precision,recall,f1_score,roc_auc,training_time,prediction_time
0.64,0.5945945945945946,0.88,0.7096774193548387,0.7226,0.41303110122680664,0.0579981803894043
