accuracy,precision,recall,f1_score,roc_auc,training_time,prediction_time
0.6,0.5595238095238095,0.94,0.7014925373134329,0.7788,9.982593297958374,0.15899920463562012
